0,TN.01.01.04.T1T.00.0.TC823.P,['K-3'],gf1,sensor,Температура  сырья  на  входе  в  колонну  (после  Т-8),2017-07-31
1,TN.01.01.04.T1T.00.0.T723-1.P,['K-3'],gf1,sensor,Температура  в  кубе  колонны,2017-07-31
2,TN.01.01.04.T1T.00.0.T723-9.P,['K-3'],gf1,sensor,Температура  на  тарелке  №5,2017-07-31
3,TN.01.01.04.T1T.00.0.TC824-2.P,['K-3'],gf1,sensor,Температура  на  тарелке  №28  (контрольная  тарелка),2017-07-31
4,TN.01.01.04.T1T.00.0.T723-7.P,['K-3'],gf1,sensor,Температура  на  тарелке  №62,2017-07-31
5,TN.01.01.04.T1T.00.0.T723-5.P,['K-3'],gf1,sensor,Температура  на  тарелке  №70,2017-07-31
6,TN.01.01.04.T1T.00.0.T723-3.P,['K-3'],gf1,sensor,Температура  на  тарелке  №119,2017-07-31
7,TN.01.01.04.T1T.00.0.TC0149.P,['K-3'],gf1,sensor,Температура  флегмы  (перед  входом  в  колонну),2017-07-31
8,TN.01.01.04.T1FQ.00.0.FC827.P,['K-3'],gf1,sensor,Расход  флегмы,2017-07-31
9,TN.01.01.13.T1MP.00.0.F514-C.P,['K-3'],gf1,sensor,Расход  верхнего  продуктового  потока  на  склад,2017-07-31
10,TN.01.01.04.T1FQ.00.0.F515-C.P,['K-3'],gf1,sensor,Расход  нижнего  продуктового  потока  на  склад  Б-1-2  (1),2017-07-31
11,TN.01.01.04.T1FQ.00.0.F560-C.P,['K-3'],gf1,sensor,Расход  нижнего  продуктового  потока  в  цех  ДБО-2/3,2017-07-31
12,TN.01.01.04.T1FQ.00.0.F556.P,['K-3'],gf1,sensor,Расход  водяного  пара  для  обогрева  сырья  (Т-8)  на  входе  в  колонну,2017-07-31
13,TN.01.01.04.T1FQ.00.0.FC824-1.P,['K-3'],gf1,sensor,Расход  водяного  пара  в  ребойлер  (Т-7-1)  для  обогрева  куба  колонны,2017-07-31
14,TN.01.01.04.T1P.00.0.PC825.P,['K-3'],gf1,sensor,Давление  верха  колонны,2017-07-31
15,TN.01.01.04.T1P.00.0.PA957.P,['K-3'],gf1,sensor,Давление  в  кубе  колонны,2017-07-31
16,TN.01.01.04.T1MP.00.0.Q919-1.P,['K-3'],gf1,sensor,Содержание  С3  в  верхнем  продуктовом  потоке,2017-07-31
17,TN.01.01.04.T1MP.00.0.Q919-2.P,['K-3'],gf1,sensor,Содержание  nC4  в  верхнем  продуктовом  потоке,2017-07-31
18,TN.01.01.04.T1MP.00.0.Q920-1.P,['K-3'],gf1,sensor,Содержание  iC4  в  нижнем  продуктовом  потоке,2017-07-31
19,TN.01.01.04.T1MP.00.0.Q920-2.P,['K-3'],gf1,sensor,Содержание  iC5  в  нижнем  продуктовом  потоке,2017-07-31
20,TN.01.01.04.T1MP.00.0.Q920-4.P,['K-3'],gf1,sensor,Содержание  NeoC5  в  нижнем  продуктовом  потоке,2017-07-31
21,TN.01.01.04.T1T.00.0.T0143.P,['K-3'],gf1,sensor,Температура  оборотной  воды  на  выходе  из  Т-50-1  (переохлаждение  флегмы),2017-07-31
22,TN.01.01.04.T1LP.00.0.LC831.P,['K-3'],gf1,sensor,Уровень  в  О-3,2017-07-31
23,TN.01.01.04.T1T.00.0.T0147.P,['K-3'],gf1,sensor,Температура  флегмы  после  Т-50-1  (переохлаждение  флегмы),2017-07-31
24,TN.01.01.04.T1P.00.0.PSA628.P,['K-3'],gf1,sensor,Давление  в  кубе  колонны  (на  выходе  из  Т-7-1),2017-07-31
25,TN.01.01.04.T1LP.00.0.LA916.P,['K-3'],gf1,sensor,Уровень  в  кубе  колонны  (1),2017-07-31
26,TN.01.01.04.T1LP.00.0.LC830.P,['K-3'],gf1,sensor,Уровень  в  кубе  колонны  (2),2017-07-31
27,TN.01.01.00.T1P.00.0.PT0217-1.P,['K-3'],gf1,sensor,Давление  затворной  жидкости  в  бачке  насоса  Н-3-1  (линия  флегмы  от  Е-3-1  в  К-3),2017-07-31
28,TN.01.01.00.T1T.00.0.TSA0117-1.P,['K-3'],gf1,sensor,Температура  затворной  жидкости  в  бачке  насоса  Н-3-1)  (линия  флегмы  от  Е-3-1  в  К-3),2017-07-31
29,TN.01.01.04.T1T.00.0.T826-1.P,['K-3'],gf1,sensor,Температура  дистиллята  после  Т-9-123  (на  входе  в  Е-3-1),2017-07-31
30,TN.01.01.04.T1LP.00.0.LSA405-1.P,['K-3'],gf1,sensor,Уровень  в  Е-3-1  (1),2017-07-31
31,TN.01.01.04.T1LP.00.0.LC829-1.P,['K-3'],gf1,sensor,Уровень  в  Е-3-1  (2),2017-07-31
32,TN.01.01.00.T1T.00.0.TSA110-1.P,['K-3'],gf1,sensor,Температура  подшипников  насоса  Н-3-1  (линия  флегмы  от  Е-3-1  в  К-3),2017-07-31
33,TN.01.01.00.T1T.00.0.TSA110-4.P,['K-3'],gf1,sensor,Температура  корпуса  подшипника  насоса  Н-3-4  (линия  флегмы  от  Е-3-1  в  К-3),2017-07-31
34,TN.01.01.04.T1T.00.0.T723-10.P,['K-3'],gf1,sensor,Температура  флегмы  после  насосов  Н-3-123,2017-07-31
35,TN.01.01.04.T1P.00.0.PC828.P,['K-3'],gf1,sensor,Давление  в  Т-9А-1  (доконденсация  паров  из  Е-3-1),2017-07-31
36,TN.01.01.04.T1T.00.0.T0151.P,['K-3'],gf1,sensor,Температура  промоборотной  воды  после  Т-9А-1  (доконденсация  паров  из  Е-3-1),2017-07-31
37,TN.01.01.04.T1T.00.0.T723-11.P,['K-3'],gf1,sensor,Температура  верхнего  продуктового  потока  (изобутановая  фракция)  на  склад  Б-3  после  Т-10,2017-07-31
38,TN.01.01.04.T1T.00.0.T723-12.P,['K-3'],gf1,sensor,Температура  нижнего  продуктового  потока  (бутановая  фракция)  на  склад  Б-1-2  после  Н-4/123,2017-07-31
39,TN.01.01.04.T1T.00.0.T0145.P,['K-3'],gf1,sensor,Температура  промоборотной  воды  после  Т-9А-3  (доконденсация  паров  с  Е-3-1),2017-07-31
40,TN.01.01.00.T1P.00.0.P2153.P,['K-3'],gf1,sensor,Давление  верхнего  продуктового  потока  (изобутановоая  фракция)  на  склад  Б-3,2017-07-31
41,TN.01.01.04.T1T.00.0.T1153.P,['K-3'],gf1,sensor,Температура  верхнего  продуктового  потока  (изобутановая  фракция)  на  склад  Б-3,2017-07-31
42,TN.01.01.00.T1P.00.0.P2154.P,['K-3'],gf1,sensor,Давление  нижнего  продуктового  потока  (бутановая  фракция)  на  склад  Б-1-2,2017-07-31
43,TN.01.01.04.T1T.00.0.T1154.P,['K-3'],gf1,sensor,Температура  нижнего  продуктового  потока  (бутановая  фракция)  на  склад  Б-1-2,2017-07-31
44,TN.01.01.00.T1FQ.00.0.F561.P,['K-3'],gf1,sensor,Расход  верхнего  продуктового  потока  (изобутановая  фракция)  в  цех  БК-2  (1),2017-07-31
45,TN.01.01.00.T1FQ.00.0.F561.C,['K-3'],gf1,sensor,Расход  верхнего  продуктового  потока  (изобутановая  фракция)  в  цех  БК-2  (2),2017-07-31
46,TN.01.01.00.T1FQ.06.D.F561.C,['K-3'],gf1,sensor,Расход  верхнего  продуктового  потока  (изобутановая  фракция)  в  цех  БК-2  (3),2017-07-31
47,TN.01.01.00.T1FQ.06.D.F561.C,['K-3'],gf1,sensor,Расход  верхнего  продуктового  потока  (изобутановая  фракция)  в  цех  БК-2  (4),2017-07-31
48,TN.01.01.00.T1FQ.07.D.F561.M,['K-3'],gf1,sensor,Расход  верхнего  продуктового  потока  (изобутановая  фракция)  в  цех  БК-2  (5),2017-07-31
49,TN.01.01.00.T1FQ.00.0.FQR3903.P,['K-3'],gf1,sensor,Расход  нижнего  продуктового  потока  (бутановая  фракция)  к  СМ-3  склада  Б-3  ТСЦ  (1),2017-07-31
50,TN.01.01.00.T1FQ.07.D.FQR3903.M,['K-3'],gf1,sensor,Расход  нижнего  продуктового  потока  (бутановая  фракция)  к  СМ-3  склада  Б-3  ТСЦ  (2),2017-07-31
51,TN.01.01.08.T1T.00.0.T714-11-1.P,['K-1/1'],gf1,sensor,Температура  питания  (ШФЛУ)  на  входе  в    К-1-1,2017-07-31
52,TN.01.01.02.T1T.00.0.T714-5-1.P,['K-1/1'],gf1,sensor,Температура  в  кубе  колонны,2017-07-31
53,TN.01.01.02.T1T.00.0.T714-4-1.P,['K-1/1'],gf1,sensor,Температура  на  тарелке  №10,2017-07-31
54,TN.01.01.02.T1T.00.0.TC812-1-1.P,['K-1/1'],gf1,sensor,Температура  на  тарелке  №30  (контрольная  тарелка),2017-07-31
55,TN.01.01.02.T1T.00.0.T714-3-1.P,['K-1/1'],gf1,sensor,Температура  на  тарелке  №53,2017-07-31
56,TN.01.01.02.T1T.00.0.T812-1-2.P,['K-1/1'],gf1,sensor,Температура  на  тарелке  №61,2017-07-31
57,TN.01.01.02.T1T.00.0.T714-1-1.P,['K-1/1'],gf1,sensor,Температура  на  тарелке  №69,2017-07-31
58,TN.01.01.02.T1T.00.0.T714-7-1.P,['K-1/1'],gf1,sensor,Температура  на  тарелке  №81,2017-07-31
59,TN.01.01.02.T1T.00.0.T714-10-1.P,['K-1/1'],gf1,sensor,Температура  паров  с  верха  колонны  (ЭПФ),2017-07-31
60,TN.01.01.02.T1T.00.0.T714-6-1.P,['K-1/1'],gf1,sensor,Температура  флегмы  (до  Т-2Б-1),2017-07-31
61,TN.01.01.00.T1T.00.0.T1002-1.P,['K-1/1'],gf1,sensor,Температура  флегмы  (после  Т-2Б-1),2017-07-31
62,TN.01.01.01.T1FQ.00.0.FC805-1.P,['K-1/1'],gf1,sensor,Расход  питания  (ШФЛУ)  на  входе  в  колонну,2017-07-31
63,TN.01.01.02.T1FQ.00.0.FC811-1.P,['K-1/1'],gf1,sensor,Расход  флегмы,2017-07-31
64,TN.01.01.02.T1FQ.00.0.F509-2.P,['K-1/1'],gf1,sensor,Расход  верхнего  продуктового  потока  (ЭПФ)  из  Е-1-1  в  К-6,2017-07-31
65,TN.01.01.02.T1FQ.00.0.FC813-1.P,['K-1/1'],gf1,sensor,Расход  паров  ЭПФ  из  Е-1-1  к  О-11,2017-07-31
66,TN.01.01.02.T1FQ.00.0.F550-1.P,['K-1/1'],gf1,sensor,Расход  верхнего  продуктового  потока  (ЭПФ)  из  Е-1-1  в  Е-7  от  насоса  Н-1-2,2017-07-31
67,TN.01.01.02.T1FQ.00.0.F597-1.P,['K-1/1'],gf1,sensor,Расход  ЭПФ  в  Е-1-1  от  Н-9-123,2017-07-31
68,TN.01.01.02.T1FQ.00.0.FC815-1.P,['K-1/1'],gf1,sensor,Расход  нижнего  продуктового  потока  на  питание  К-2,2017-07-31
69,TN.01.01.02.T1FQ.00.0.F812-1.P,['K-1/1'],gf1,sensor,Расход  водяного  пара  в  ребойлер  (Т-1-1)  для  обогрева  куба  колонны,2017-07-31
70,TN.01.01.02.T1P.00.0.PC813-1.P,['K-1/1'],gf1,sensor,Давление  в  верхней  части  колонны,2017-07-31
71,TN.01.01.02.T1P.00.0.PSA612-1-2.P,['K-1/1'],gf1,sensor,Давление  в  кубе  колонны  (1),2017-07-31
72,TN.01.01.02.T1P.00.0.PA952-1.P,['K-1/1'],gf1,sensor,Давление  в  кубе  колонны  (2),2017-07-31
73,TN.01.01.02.T1T.00.0.T714-12-1.P,['K-1/1'],gf1,sensor,Температура  ЭПФ  на  входе  в  Е-1-1  (после  конденсаторов  Т-2-1234),2017-07-31
74,TN.01.01.07.T1T.00.0.T714-9-1.P,['K-1/1'],gf1,sensor,Температура  паров  ЭПФ  на  выходе  с  Е-1-1,2017-07-31
75,TN.01.01.01.T1T.00.0.T703-3-1.P,['K-1/1'],gf1,sensor,Температуры  сырья  после  теплообменника  Т-24-1,2017-07-31
76,TN.01.01.01.T1T.00.0.T806-1.P,['K-1/1'],gf1,sensor,Температуры  сырья  после  теплообменника  Т-3-1,2017-07-31
77,TN.01.01.01.T1T.00.0.TC807-1.P,['K-1/1'],gf1,sensor,Температуры  сырья  после  подогревателя  Т-4-1,2017-07-31
78,TN.01.01.02.T1LP.00.0.LC815-1.P,['K-1/1'],gf1,sensor,Уровень  в  кубе  К-1-1  (1),2017-07-31
79,TN.01.01.02.T1LP.00.0.LA9140-1.P,['K-1/1'],gf1,sensor,Уровень  в  кубе  К-1-1  (2),2017-07-31
80,TN.01.01.02.T1LP.00.0.LC814-1.P,['K-1/1'],gf1,sensor,Уровень  в  сепараторе  О-1-1,2017-07-31
81,TN.01.01.02.T1LP.00.0.LC809-1.P,['K-1/1'],gf1,sensor,Уровень  в  ёмкости  Е-1-1  (1),2017-07-31
82,TN.01.01.00.T1LP.00.0.LSA401.P,['K-1/1'],gf1,sensor,Уровень  в  ёмкости  Е-1-1  (2),2017-07-31
83,TN.01.01.00.T1T.00.0.TSA101-1.P,['K-1/1'],gf1,sensor,Температура  на  крышке  подшипников  насоса  Н-1-1  (линия  верхнего  продуктового  потока  из  Е-1-1),2017-07-31
84,TN.01.01.00.T1T.00.0.TSA101-2A.P,['K-1/1'],gf1,sensor,Температура  на  крышке  1  подшипника  насоса  Н-1-2  (линия  верхнего  продуктового  потока  из  Е-1-1),2017-07-31
85,TN.01.01.00.T1T.00.0.TSA101-2B.P,['K-1/1'],gf1,sensor,Температура  на  крышке  2  подшипника  насоса  Н-1-2  (линия  верхнего  продуктового  потока  из  Е-1-1),2017-07-31
86,TN.01.01.00.T1T.00.0.TSA0194-2.P,['K-1/1'],gf1,sensor,Температура  корпуса  переднего  подшипника  электродвигателя  насоса  Н-1-2  (линия  верхнего  продуктового  потока  из  Е-1-1),2017-07-31
87,TN.01.01.00.T1T.00.0.TSA0195-2.P,['K-1/1'],gf1,sensor,Температура  корпуса  заднего  подшипника  электродвигателя  насоса  Н-1-2  (линия  верхнего  продуктового  потока  из  Е-1-1),2017-07-31
88,TN.01.01.00.T1P.00.0.PT0211.P,['K-1/1'],gf1,sensor,Давление  затворной  жидкости  в  1-м  бачке  насоса  Н-1-2  (линия  верхнего  продуктового  потока  из  Е-1-1),2017-07-31
89,TN.01.01.00.T1P.00.0.PT0212.P,['K-1/1'],gf1,sensor,Давление  затворной  жидкости  в  2-м  бачке  насоса  Н-1-2  (линия  верхнего  продуктового  потока  из  Е-1-1),2017-07-31
90,TN.01.01.00.T1LP.00.0.LT0301.P,['K-1/1'],gf1,sensor,Уровень  затворной  жидкости  в  1-м  бачке  насоса  Н-1-2  (линия  верхнего  продуктового  потока  из  Е-1-1),2017-07-31
91,TN.01.01.00.T1LP.00.0.LT0302.P,['K-1/1'],gf1,sensor,Уровень  затворной  жидкости  в  2-м  бачке  насоса  Н-1-2  (линия  верхнего  продуктового  потока  из  Е-1-1),2017-07-31
92,TN.01.01.02.T1R.00.0.PD-K1-1.P,['K-1/1'],gf1,sensor,Перепад  давления  в  колонне,2017-07-31
93,TN.01.01.01.T1FQ.00.0.FA507.P,['K-1/1'],gf1,sensor,Расход  ШФЛУ  на  входе  в  ГФ-1,2017-07-31
94,TN.01.01.01.T1T.00.0.T703-4.P,['K-1/1'],gf1,sensor,Температура  сырья  (ШФЛУ)  на  ГФ-1,2017-07-31
95,TN.01.01.01.T1T.00.0.T703-5.P,['K-1/1'],gf1,sensor,Температура  ШФЛУ  на  ГФ-1  после  подогрева,2017-07-31
96,TN.01.01.00.T1P.00.0.P699.P,['K-1/1'],gf1,sensor,Давление  ШФЛУ  на  входе  в  ГФ-1,2017-07-31
97,TN.01.01.03.T1MP.00.0.Q910.P,['K-1/1'],gf1,sensor,Содержание  пропана  в  нижнем  продуктовом  потоке  колонн  К-1-12,2017-07-31
98,TN.01.01.00.T1P.00.0.P0216.P,['K-1/1'],gf1,sensor,Давление  конденсата  в  теплообменнике  Т-3-12  (подогреватель  сырья  на  входе  в  К-1-1),2017-07-31
99,TN.01.01.00.T1T.00.0.T0164.P,['K-1/1'],gf1,sensor,Температура  пром.  оборотной  воды  на  выходе  с  Т-2Б-1  (переохлаждение  флегмы),2017-07-31
100,TN.01.10.02.T1VP.00.0.2QIR5014_2C1C2.P,['K-1/1'],gf1,sensor,Содержание  С1  +  С2  в  ШФЛУ  на  входе  в  колонну,2017-07-31
101,TN.01.10.02.T1VP.00.0.2QIR5014_2C3.P,['K-1/1'],gf1,sensor,Содержание  С3  в  ШФЛУ  на  входе  в  колонну,2017-07-31
102,TN.01.10.02.T1VP.00.0.2QIR5014_2C4C5.P,['K-1/1'],gf1,sensor,Содержание  С4  +  С5  в  ШФЛУ  на  входе  в  колонну,2017-07-31
103,TN.01.10.02.T1VP.00.0.2QIR5014_2C6.P,['K-1/1'],gf1,sensor,Содержание  С6  в  ШФЛУ  на  входе  в  колонну,2017-07-31
104,TN.01.01.08.T1T.00.0.T714-11-2.P,['K-1/2'],gf1,sensor,Температура  сырья  (ШФЛУ)  на  входе  в    К-1-2  ,2017-07-31
105,TN.01.01.02.T1T.00.0.T714-5-2.P,['K-1/2'],gf1,sensor,Температура  в  кубе  колонны,2017-07-31
106,TN.01.01.02.T1T.00.0.T714-4-2.P,['K-1/2'],gf1,sensor,Температура  на  тарелке  №10,2017-07-31
107,TN.01.01.02.T1T.00.0.TC812-2-1.P,['K-1/2'],gf1,sensor,Температура  на  тарелке  №30  (контрольная  тарелка),2017-07-31
108,TN.01.01.02.T1T.00.0.T714-3-2.P,['K-1/2'],gf1,sensor,Температура  на  тарелке  №53,2017-07-31
109,TN.01.01.02.T1T.00.0.T812-2-2.P,['K-1/2'],gf1,sensor,Температура  на  тарелке  №61,2017-07-31
110,TN.01.01.02.T1T.00.0.T714-1-2.P,['K-1/2'],gf1,sensor,Температура  на  тарелке  №70,2017-07-31
111,TN.01.01.02.T1T.00.0.T714-7-2.P,['K-1/2'],gf1,sensor,Температура  на  тарелке  №81,2017-07-31
112,TN.01.01.02.T1T.00.0.T714-10-2.P,['K-1/2'],gf1,sensor,Температура  паров  с  верха  колонны  (ЭПФ),2017-07-31
113,TN.01.01.02.T1T.00.0.T714-6-2.P,['K-1/2'],gf1,sensor,Температура  флегмы  (до  Т-2Б-2),2017-07-31
114,TN.01.01.00.T1T.00.0.T1002-2.P,['K-1/2'],gf1,sensor,Температура  флегмы  (после  Т-2Б-2),2017-07-31
115,TN.01.01.01.T1FQ.00.0.FC805-2.P,['K-1/2'],gf1,sensor,Расход  питания  (ШФЛУ)  на  входе  колонну,2017-07-31
116,TN.01.01.02.T1FQ.00.0.FC811-2.P,['K-1/2'],gf1,sensor,Расход  флегмы,2017-07-31
117,TN.01.01.02.T1FQ.00.0.F509-1.P,['K-1/2'],gf1,sensor,Расход  верхнего  продуктового  потока  (ЭПФ)  из  Е-1-2  в  К-6,2017-07-31
118,TN.01.01.02.T1FQ.00.0.FC813-2.P,['K-1/2'],gf1,sensor,Расход  паров  ЭПФ  из  Е-1-2  к  О-11,2017-07-31
119,TN.01.01.02.T1FQ.00.0.F550-2.P,['K-1/2'],gf1,sensor,Расход  верхнего  продуктового  потока  (ЭПФ)  из  Е-1-2  в  Е-7  от  насоса  Н-1-34,2017-07-31
120,TN.01.01.02.T1FQ.00.0.F597-2.P,['K-1/2'],gf1,sensor,Расход  ЭПФ  к  Е-1-2  от  Н-9-123,2017-07-31
121,TN.01.01.02.T1FQ.00.0.FC815-2.P,['K-1/2'],gf1,sensor,Расход  нижнего  продуктового  потока  на  питание  К-2,2017-07-31
122,TN.01.01.02.T1FQ.00.0.F812-2.P,['K-1/2'],gf1,sensor,Расход  водяного  пара  в  ребойлер  для  обогрева  куба  колонны,2017-07-31
123,TN.01.01.02.T1P.00.0.PC813-2.P,['K-1/2'],gf1,sensor,Давление  в  верхней  части  колонны,2017-07-31
124,TN.01.01.02.T1P.00.0.PSA612-2-2.P,['K-1/2'],gf1,sensor,Давление  в  кубе  колонны  (1),2017-07-31
125,TN.01.01.02.T1P.00.0.PA952-2.P,['K-1/2'],gf1,sensor,Давление  в  кубе  колонны  (2),2017-07-31
126,TN.01.01.02.T1T.00.0.T714-12-2.P,['K-1/2'],gf1,sensor,Температура  ЭПФ  на  входе  в  Е-1-2  (после  Т-2-5678),2017-07-31
127,TN.01.01.07.T1T.00.0.T714-9-2.P,['K-1/2'],gf1,sensor,Температура  паров  ЭПФ  на  выходе  с  Е-1-2,2017-07-31
128,TN.01.01.01.T1T.00.0.T703-3-2.P,['K-1/2'],gf1,sensor,Температуры  сырья  после  теплообменника  Т-24-2,2017-07-31
129,TN.01.01.01.T1T.00.0.T806-2.P,['K-1/2'],gf1,sensor,Температуры  сырья  после  теплообменника  Т-3-2,2017-07-31
130,TN.01.01.01.T1T.00.0.TC807-2.P,['K-1/2'],gf1,sensor,Температуры  сырья  после  подогревателя  Т-4-2,2017-07-31
131,TN.01.01.02.T1LP.00.0.LC815-2.P,['K-1/2'],gf1,sensor,Уровень  в  кубе  К-1-2  (1),2017-07-31
132,TN.01.01.02.T1LP.00.0.LA9140-2.P,['K-1/2'],gf1,sensor,Уровень  в  кубе  К-1-2  (2),2017-07-31
133,TN.01.01.02.T1LP.00.0.LC814-2.P,['K-1/2'],gf1,sensor,Уровень  в  сепараторе  О-1-2,2017-07-31
134,TN.01.01.02.T1LP.00.0.LC809-2.P,['K-1/2'],gf1,sensor,Уровень  в  ёмкости  Е-1-2  (1),2017-07-31
135,TN.01.01.00.T1LP.00.0.LSA402.P,['K-1/2'],gf1,sensor,Уровень  в  ёмкости  Е-1-2  (2),2017-07-31
136,TN.01.01.00.T1T.00.0.TSA101-3.P,['K-1/2'],gf1,sensor,Температура  на  корпусе  подшипника  насоса  Н-1-3  (линия  верхнего  продуктового  потока  из  Е-1-2),2017-07-31
137,TN.01.01.00.T1T.00.0.TSA101-4.P,['K-1/2'],gf1,sensor,Температура  на  корпусе  подшипника  насоса  Н-1-4  (линия  верхнего  продуктового  потока  из  Е-1-2),2017-07-31
138,TN.01.01.00.T1T.00.0.TSA0121.P,['K-1/2'],gf1,sensor,Температура  затворной  жидкости  в  бачке  насоса  Н-1-4  (линия  верхнего  продуктового  потока  из  Е-1-2),2017-07-31
139,TN.01.01.00.T1P.00.0.PT0221.P,['K-1/2'],gf1,sensor,Давление  затворной  жидкости  в  бачке  насоса  Н-1-4  (линия  верхнего  продуктового  потока  из  Е-1-2),2017-07-31
140,TN.01.01.02.T1R.00.0.PD-K1-2.P,['K-1/2'],gf1,sensor,Перепад  давления  в  колонне,2017-07-31
141,TN.01.01.01.T1FQ.00.0.FA507.P,['K-1/2'],gf1,sensor,Расход  ШФЛУ  на  входе  в  ГФ-1,2017-07-31
142,TN.01.01.01.T1T.00.0.T703-4.P,['K-1/2'],gf1,sensor,Температура  сырья  (ШФЛУ)  на  ГФ-1,2017-07-31
143,TN.01.01.01.T1T.00.0.T703-5.P,['K-1/2'],gf1,sensor,Температура  ШФЛУ  на  ГФ-1  после  подогрева,2017-07-31
144,TN.01.01.00.T1P.00.0.P699.P,['K-1/2'],gf1,sensor,Давление  ШФЛУ  на  входе  в  ГФ-1,2017-07-31
145,TN.01.01.03.T1MP.00.0.Q910.P,['K-1/2'],gf1,sensor,Содержание  пропана  в  нижнем  продуктовом  потоке  колонн  К-1-12,2017-07-31
146,TN.01.01.00.T1P.00.0.P0216.P,['K-1/2'],gf1,sensor,Давление  конденсата  в  теплообменнике  Т-3-12,2017-07-31
147,TN.01.01.00.T1T.00.0.T0164.P,['K-1/2'],gf1,sensor,Температура  пром.  об.  воды  на  выходе  с  Т-2Б-1  (переохл.  флегмы),2017-07-31
148,TN.01.10.02.T1VP.00.0.2QIR5014_2C1C2.P,['K-1/2'],gf1,sensor,Содержание  С1  +  С2  в  ШФЛУ  на  входе  в  колонну,2017-07-31
149,TN.01.10.02.T1VP.00.0.2QIR5014_2C3.P,['K-1/2'],gf1,sensor,Содержание  С3  в  ШФЛУ  на  входе  в  колонну,2017-07-31
150,TN.01.10.02.T1VP.00.0.2QIR5014_2C4C5.P,['K-1/2'],gf1,sensor,Содержание  С4  +  С5  в  ШФЛУ  на  входе  в  колонну,2017-07-31
151,TN.01.10.02.T1VP.00.0.2QIR5014_2C6.P,['K-1/2'],gf1,sensor,Содержание  С6  в  ШФЛУ  на  входе  в  колонну,2017-07-31
152,TN.01.01.03.T1T.00.0.T718-1.P,['K-2'],gf1,sensor,Температура  сырья  на  входе  в  колонну,2017-07-31
153,TN.01.01.03.T1T.00.0.T718-6.P,['K-2'],gf1,sensor,Температура  в  кубе  колонны,2017-07-31
154,TN.01.01.03.T1T.00.0.T718-3.P,['K-2'],gf1,sensor,Температура  на  тарелке  №16,2017-07-31
155,TN.01.01.03.T1T.00.0.TC816-1.P,['K-2'],gf1,sensor,Температура  на  тарелке  №22  (контрольная  тарелка),2017-07-31
156,TN.01.01.03.T1T.00.0.T718-4.P,['K-2'],gf1,sensor,Температура  на  тарелке  №38,2017-07-31
157,TN.01.01.03.T1T.00.0.T816-2.P,['K-2'],gf1,sensor,Температура  на  тарелке  №47,2017-07-31
158,TN.01.01.03.T1T.00.0.T718-2.P,['K-2'],gf1,sensor,Температура  на  тарелке  №66,2017-07-31
159,TN.01.01.03.T1T.00.0.T718-10.P,['K-2'],gf1,sensor,Температура  паров  с  верха  колонны  (ИБФ)  ,2017-07-31
160,TN.01.01.00.T1T.00.0.T718-11.P,['K-2'],gf1,sensor,Температура  верхнего  продуктового  потока  (ИБФ)  на  питание  К-3,2017-07-31
161,TN.01.01.03.T1T.00.0.T1004.P,['K-2'],gf1,sensor,Температура  кубового  продукта  после  Т-14А  на  склад,2017-07-31
162,TN.01.01.03.T1T.00.0.T718-7.P,['K-2'],gf1,sensor,Температура  флегмы  (до  Т-6Б),2017-07-31
163,TN.01.01.03.T1T.00.0.T1003.P,['K-2'],gf1,sensor,Температура  флегмы  (после  Т-6Б),2017-07-31
164,TN.01.01.02.T1FQ.00.0.FC815-1.P,['K-2'],gf1,sensor,Расход  кубового  продукта  К-1-1,2017-07-31
165,TN.01.01.02.T1FQ.00.0.FC815-2.P,['K-2'],gf1,sensor,Расход  кубового  продукта  К-1-2,2017-07-31
166,TN.01.01.03.T1FQ.00.0.FC817.P,['K-2'],gf1,sensor,Расход  флегмы  (1),2017-07-31
167,TN.01.01.03.T1FQ.06.D.FC817.C,['K-2'],gf1,sensor,Расход  флегмы  (2),2017-07-31
168,TN.01.01.03.T1FQ.00.0.FC822.P,['K-2'],gf1,sensor,Расход  верхнего  продуктового  потока  (ИБФ)  на  питание  К-3,2017-07-31
169,TN.01.01.03.T1FQ.06.D.FC822.C,['K-2'],gf1,sensor,Расход  верхнего  продуктового  потока  (ИБФ)  на  питание  К-3,2017-07-31
170,TN.01.01.03.T1FQ.00.0.FC834.P,['K-2'],gf1,sensor,Расход  нижнего  продуктового  потока  (1),2017-07-31
171,TN.01.01.03.T1FQ.06.D.FC834.C,['K-2'],gf1,sensor,Расход  нижнего  продуктового  потока  (2),2017-07-31
172,TN.01.01.00.T1FQ.00.0.F1006.P,['K-2'],gf1,sensor,Расход  нижнего  продуктового  потока  на  склад,2017-07-31
173,TN.01.01.03.T1FQ.00.0.FC816-1.P,['K-2'],gf1,sensor,Расход  водяного  пара  для  обогрева  куба  колонны  (1),2017-07-31
174,TN.01.01.03.T1FQ.00.0.FC816-2.P,['K-2'],gf1,sensor,Расход  водяного  пара  для  обогрева  куба  колонны  (2),2017-07-31
175,TN.01.01.03.T1P.00.0.PC818.P,['K-2'],gf1,sensor,Давление  верха  колонны,2017-07-31
176,TN.01.01.03.T1P.00.0.PSA620.P,['K-2'],gf1,sensor,Давление  в  кубе  колонны  (1),2017-07-31
177,TN.01.01.03.T1P.00.0.PA953.P,['K-2'],gf1,sensor,Давление  в  кубе  колонны  (2),2017-07-31
178,TN.01.01.03.T1MP.00.0.Q910.P,['K-2'],gf1,sensor,Содержание  C3  в  питании  колонны,2017-07-31
179,TN.01.01.04.T1MP.00.0.Q914-1.P,['K-2'],gf1,sensor,Содержание  нС4  в  верхнем  продуктовом  потоке,2017-07-31
180,TN.01.01.04.T1MP.00.0.Q914-2.P,['K-2'],gf1,sensor,Содержание  нео-С5  в  верхнем  продуктовом  потоке,2017-07-31
181,TN.01.01.04.T1MP.00.0.Q914-3.P,['K-2'],gf1,sensor,Содержание  iС5  в  верхнем  продуктовом  потоке,2017-07-31
182,TN.01.01.03.T1T.00.0.T0150.P,['K-2'],gf1,sensor,Температура  промоб.  воды  после  конд.  Т-6А,2017-07-31
183,TN.01.01.03.T1T.00.0.T0162.P,['K-2'],gf1,sensor,Температура  промоб.  воды  после  Т-14А,2017-07-31
184,TN.01.01.03.T1T.00.0.T0163.P,['K-2'],gf1,sensor,Температура  промоб.  воды  после  Т-6Б  (переохл.  флегмы),2017-07-31
185,TN.01.01.00.T1T.00.0.TSA104-1.P,['K-2'],gf1,sensor,Температура  корпуса  подшипника  насоса  Н-2-1  (линия  потока  флегмы),2017-07-31
186,TN.01.01.00.T1T.00.0.TSA104-2.P,['K-2'],gf1,sensor,Температура  корпуса  подшипника  насоса  Н-2-2    (линия  потока  флегмы),2017-07-31
187,TN.01.01.00.T1T.00.0.TSA107-1.P,['K-2'],gf1,sensor,Температура  корпуса  подшипника  насоса  Н-16-1  (линия  верхнего  продуктового  потока  в  К-3),2017-07-31
188,TN.01.01.00.T1T.00.0.TSA107-2.P,['K-2'],gf1,sensor,Температура  корпуса  подшипника  насоса  Н-16-2  (линия  верхнего  продуктового  потока  в  К-3),2017-07-31
189,TN.01.01.03.T1P.00.0.PC821.P,['K-2'],gf1,sensor,Давление  на  линии  стравливания  паров  из  конденсатора  Т-6А  в  топливную  сеть,2017-07-31
190,TN.01.01.03.T1LP.00.0.LA9115.P,['K-2'],gf1,sensor,Уровень  в  кубе  колонны  (1),2017-07-31
191,TN.01.01.03.T1LP.00.0.LC834.P,['K-2'],gf1,sensor,Уровень  в  кубе  колонны  (2),2017-07-31
192,TN.01.01.03.T1LP.00.0.LC820.P,['K-2'],gf1,sensor,Уровень  в  сепараторе  О-2,2017-07-31
193,TN.01.01.03.T1LP.00.0.LSA407-1.P,['K-2'],gf1,sensor,Уровень  в  ёмкости  Е-2-1  (1),2017-07-31
194,TN.01.01.03.T1LP.00.0.LC822-1.P,['K-2'],gf1,sensor,Уровень  в  ёмкости  Е-2-1  (2),2017-07-31
195,TN.01.01.03.T1LP.00.0.LSA407-2.P,['K-2'],gf1,sensor,Уровень  в  ёмкости  Е-2-2  (1),2017-07-31
196,TN.01.01.03.T1LP.00.0.LC822-2.P,['K-2'],gf1,sensor,Уровень  в  ёмкости  Е-2-2  (2),2017-07-31
197,TN.01.01.03.T1R.00.0.PD-K2.P,['K-2'],gf1,sensor,Перепад  давления  по  колонне,2017-07-31
198,TN.01.01.05.T1R.00.0.PD-K4.P,['K-4'],gf1,sensor,Перепад  давления  по  колонне,2017-07-31
199,TN.01.01.05.T1P.00.0.PA999.P,['K-4'],gf1,sensor,Давление  в  кубе  колонны  (1),2017-07-31
200,TN.01.01.05.T1P.00.0.PSA637.P,['K-4'],gf1,sensor,Давление  в  кубе  колонны  (2),2017-07-31
201,TN.01.01.05.T1P.00.0.PC835.P,['K-4'],gf1,sensor,Давление  верха  колонны,2017-07-31
202,TN.01.01.00.T1P.00.0.P2152.P,['K-4'],gf1,sensor,Давление  нижнего  продуктового  потока  на  склад  Б-7-1,2017-07-31
203,TN.01.01.05.T1P.00.0.PC838.P,['K-4'],gf1,sensor,Давление  сдувки  из  Т-13А-1  в  О-8,2017-07-31
204,TN.01.01.05.T1FQ.00.0.F521-C.P,['K-4'],gf1,sensor,Расход  нижнего  продуктового  потока  на  склад  Б-7-1,2017-07-31
205,TN.01.01.05.T1FQ.00.0.FC832.P,['K-4'],gf1,sensor,Расход  греющего  пара  в  Т-12,2017-07-31
206,TN.01.01.05.T1FQ.00.0.FC845.P,['K-4'],gf1,sensor,Расход  верхнего  продуктового  потока  (ИПФ)  в  К-5,2017-07-31
207,TN.01.01.03.T1FQ.00.0.FC834.P,['K-4'],gf1,sensor,Расход  нижнего  продуктового  потока  колонны  К-2  ГФ-1  в  колонну  К-4,2017-07-31
208,TN.01.01.05.T1FQ.00.0.FC839.P,['K-4'],gf1,sensor,Расход  флегмы,2017-07-31
209,TN.01.01.05.T1T.00.0.T730-6.P,['K-4'],gf1,sensor,Температура  в  кубе  колонны,2017-07-31
210,TN.01.01.05.T1T.00.0.T1152.P,['K-4'],gf1,sensor,Температура  нижнего  продуктового  потока  на  склад  Б-7-1,2017-07-31
211,TN.01.01.05.T1T.00.0.T837.P,['K-4'],gf1,sensor,Температура  дистиллята  после  Т-13,2017-07-31
212,TN.01.01.06.T1T.00.0.T737-7.P,['K-4'],gf1,sensor,Температура  верхнего  продуктового  потока  (ИПФ)  в  К-5,2017-07-31
213,TN.01.01.00.T1T.00.0.TE4402-3.P,['K-4'],gf1,sensor,Температура  корпуса  подшипника  насоса  Н-5-3  (линия  потока  флегмы),2017-07-31
214,TN.01.01.05.T1T.00.0.T730-4.P,['K-4'],gf1,sensor,Температура  на  тарелке  №14,2017-07-31
215,TN.01.01.05.T1T.00.0.T730-5.P,['K-4'],gf1,sensor,Температура  на  тарелке  №24,2017-07-31
216,TN.01.01.05.T1T.00.0.T832-2.P,['K-4'],gf1,sensor,Температура  на  тарелке  №32,2017-07-31
217,TN.01.01.05.T1T.00.0.T730-2.P,['K-4'],gf1,sensor,Температура  на  тарелке  №50,2017-07-31
218,TN.01.01.05.T1T.00.0.TC832.P,['K-4'],gf1,sensor,Температура  на  тарелке  №6  (контрольная  тарелка),2017-07-31
219,TN.01.01.05.T1T.00.0.T730-9.P,['K-4'],gf1,sensor,Температура  оборотной  воды  на  выходе  Т-13А-1  (конденсатор  паров  с  верха  колонны),2017-07-31
220,TN.01.01.05.T1T.00.0.T0153.P,['K-4'],gf1,sensor,Температура  оборотной  воды  на  выходе  Т-13А-2  (конденсатор  паров  с  верха  колонны),2017-07-31
221,TN.01.01.05.T1T.00.0.T0166.P,['K-4'],gf1,sensor,Температура  охлаждающей  воды  на  выходе  из  Т-13Б  (доохлаждение  флегмы),2017-07-31
222,TN.01.01.05.T1T.00.0.T730-10.P,['K-4'],gf1,sensor,Температура  паров  с  верха  колонны,2017-07-31
223,TN.01.01.03.T1T.00.0.T730-7-1.P,['K-4'],gf1,sensor,Температура  сырья  на  входе  в  колонну  (перед  регулирующим  клапаном),2017-07-31
224,TN.01.01.05.T1T.00.0.T730-7.P,['K-4'],gf1,sensor,Температура  сырья  на  входе  в  колонну  (после  регулирующего  клапана),2017-07-31
225,TN.01.01.05.T1T.00.0.T0188.P,['K-4'],gf1,sensor,Температура  флегмы  на  выходе  из  Т-13Б,2017-07-31
226,TN.01.01.05.T1T.00.0.T730-1.P,['K-4'],gf1,sensor,Температура  флегмы  после  Н-5-3,2017-07-31
227,TN.01.01.05.T1T.00.0.TC840.P,['K-4'],gf1,sensor,Температура  ШФЛУ  на  выходе  Т-14,2017-07-31
228,TN.01.01.05.T1LP.00.0.LC845.P,['K-4'],gf1,sensor,Уровень  в  Е-4,2017-07-31
229,TN.01.01.05.T1LP.00.0.LC833.P,['K-4'],gf1,sensor,Уровень  в  емкости  О-4,2017-07-31
230,TN.01.01.05.T1LP.00.0.LA9126.P,['K-4'],gf1,sensor,Уровень  в  кубе  колонны  (1),2017-07-31
231,TN.01.01.05.T1LP.00.0.LC836.P,['K-4'],gf1,sensor,Уровень  в  кубе  колонны  (2),2017-07-31
232,TN.01.01.00.T1T.00.0.TE4402-3.P,['K-4'],gf1,sensor,Уровень  заполнения  насоса    Н-5-3,2017-07-31
233,TN.01.01.03.T1MP.00.0.Q922.P,['K-4'],gf1,sensor,Содержание  nC4    в  питании  К-4,2017-07-31
234,TN.01.01.05.T1MP.00.0.Q923.P,['K-4'],gf1,sensor,Содержание  суммы  C5  в  нижнем  продуктовом  потоке,2017-07-31
235,TN.01.01.04.T1MP.00.0.Q924-1.P,['K-4'],gf1,sensor,Содержание  nC4  в  верхнем  продуктовом  потоке,2017-07-31
236,TN.01.01.04.T1MP.00.0.Q924-2.P,['K-4'],gf1,sensor,Содержание  CycC5  в  верхнем  продуктовом  потоке,2017-07-31
237,TN.01.01.06.T1T.00.0.T737-7.P,['K-5'],gf1,sensor,Температура  верхнего  продуктового  потока  на  входе  в  колонну  К-5,2017-07-31
238,TN.01.01.06.T1T.00.0.T737-1.P,['K-5'],gf1,sensor,Температуа  в  кубе  колонны,2017-07-31
239,TN.01.01.06.T1T.00.0.TC841-1.P,['K-5'],gf1,sensor,Температура  тарелки  25  (контрольная  тарелка),2017-07-31
240,TN.01.01.06.T1T.00.0.T737-6.P,['K-5'],gf1,sensor,Температура  тарелки  56,2017-07-31
241,TN.01.01.06.T1T.00.0.T737-5.P,['K-5'],gf1,sensor,Температура  тарелки  60,2017-07-31
242,TN.01.01.06.T1T.00.0.T737-4.P,['K-5'],gf1,sensor,Температура  тарелки  64,2017-07-31
243,TN.01.01.06.T1T.00.0.T841-2.P,['K-5'],gf1,sensor,Температура  тарелки  90,2017-07-31
244,TN.01.01.06.T1T.00.0.T737-2.P,['K-5'],gf1,sensor,Температура  тарелки  106,2017-07-31
245,TN.01.01.06.T1T.00.0.T737-12.P,['K-5'],gf1,sensor,Температура  паров  врехнего  продукта  (изопентановая  фракция),2017-07-31
246,TN.01.01.00.T1T.00.0.TC0189.P,['K-5'],gf1,sensor,Температура  флегмы,2017-07-31
247,TN.01.01.06.T1T.00.0.T1151.P,['K-5'],gf1,sensor,Температура  верхнего  продукта  (изопентановая  фракция)  на  склад,2017-07-31
248,TN.01.01.06.T1T.00.0.T1155.P,['K-5'],gf1,sensor,Температура  нижнего  продукта  (пентановая  фракция)  на  склад,2017-07-31
249,TN.01.01.05.T1FQ.00.0.FC845.P,['K-5'],gf1,sensor,Расход  потока  питания  (ИПФ)  в  колонну  К-5  (1),2017-07-31
250,TN.01.01.05.T1FQ.06.D.FC845.C,['K-5'],gf1,sensor,Расход  потока  питания  (ИПФ)  в  колонну  К-5  (2),2017-07-31
251,TN.01.01.06.T1FQ.00.0.FC850.P,['K-5'],gf1,sensor,Расход  флегмы  на  орошение  колонны  (1),2017-07-31
252,TN.01.01.06.T1FQ.06.D.FC850.C,['K-5'],gf1,sensor,Расход  флегмы  на  орошение  колонны  (2),2017-07-31
253,TN.01.01.06.T1FQ.00.0.F524-C.P,['K-5'],gf1,sensor,Расход  верхнего  продуктового  потока  (изопентановая  фракция)  (1),2017-07-31
254,TN.01.01.06.T1FQ.06.D.F524-C.C,['K-5'],gf1,sensor,Расход  верхнего  продуктового  потока  (изопентановая  фракция)  (2),2017-07-31
255,TN.01.01.06.T1FQ.09.D.F524-C.C,['K-5'],gf1,sensor,Расход  верхнего  продуктового  потока  (изопентановая  фракция)  (3),2017-07-31
256,TN.01.01.06.T1FQ.00.0.F525-C.P,['K-5'],gf1,sensor,Расход  нижнего  продуктового  потока  (пентановая  фракция)  (1),2017-07-31
257,TN.01.01.06.T1FQ.06.D.F525-C.C,['K-5'],gf1,sensor,Расход  нижнего  продуктового  потока  (пентановая  фракция)  (2),2017-07-31
258,TN.01.01.01.T1FQ.00.0.FC841-1.P,['K-5'],gf1,sensor,Расход  водяного  пара  в  Т-16А  Т-16-12  для  обогрева  куба  колонны  ,2017-07-31
259,TN.01.01.01.T1FQ.00.0.FC841-2.P,['K-5'],gf1,sensor,Расход  водяного  пара  в  Т-16А  Т-16-12  для  обогрева  куба  колонны  ,2017-07-31
260,TN.01.01.06.T1P.00.0.PC846.P,['K-5'],gf1,sensor,Давление  верха  колонны,2017-07-31
261,TN.01.01.06.T1P.00.0.PA965.P,['K-5'],gf1,sensor,Давление  куба  колонны  (1),2017-07-31
262,TN.01.01.06.T1P.00.0.PSA649.P,['K-5'],gf1,sensor,Давление  куба  колонны  (2),2017-07-31
263,TN.01.01.04.T1MP.00.0.Q924-1.P,['K-5'],gf1,sensor,Содержание  nC4  в  питании  колонны,2017-07-31
264,TN.01.01.06.T1MP.00.0.Q924-1.P,['K-5'],gf1,sensor,Содержание  nC4  в  питании  колонны,2017-07-31
265,TN.01.01.06.T1MP.00.0.Q928-1.P,['K-5'],gf1,sensor,Содержание  nC5  в  нижнем  продуктовом  потоке,2017-07-31
266,TN.01.01.06.T1MP.00.0.Q928-2.P,['K-5'],gf1,sensor,Содержание  C6  в  нижнем  продуктовом  потоке,2017-07-31
267,TN.01.01.06.T1MP.00.0.Q929-1.P,['K-5'],gf1,sensor,Содержание  nC5  в  верхнем  продуктовом  потоке,2017-07-31
268,TN.01.01.06.T1MP.00.0.Q929-2.P,['K-5'],gf1,sensor,Содержание  C2-C4  в  верхнем  продуктовом  потоке,2017-07-31
269,TN.01.01.06.T1LP.00.0.LC843.P,['K-5'],gf1,sensor,Уровень  в  сепараторе  О-5,2017-07-31
270,TN.01.01.06.T1LP.00.0.LC844.P,['K-5'],gf1,sensor,Уровень  в  кубе  К-5  (1),2017-07-31
271,TN.01.01.06.T1LP.00.0.LA925.P,['K-5'],gf1,sensor,Уровень  в  кубе  К-5  (2),2017-07-31
272,TN.01.01.00.T1P.00.0.P2151.P,['K-5'],gf1,sensor,Давление  верхнего  продуктового  потока,2017-07-31
273,TN.01.01.00.T1P.00.0.P2155.P,['K-5'],gf1,sensor,Давление  нижнего  продуктового  потока,2017-07-31
274,TN.01.01.06.T1T.00.0.TC853.P,['K-5'],gf1,sensor,Температура  нижнего  продуктового  потока  после  теплообменника  Т-19  ,2017-07-31
275,TN.01.01.06.T1T.00.0.T848-1.P,['K-5'],gf1,sensor,Температуры  на  входе  в  Е-5  после  Т-17-12345  (1),2017-07-31
276,TN.01.01.06.T1T.00.0.T848-2.P,['K-5'],gf1,sensor,Температуры  на  входе  в  Е-5  после  Т-17-12345  (2),2017-07-31
277,TN.01.01.06.T1T.00.0.T848-3.P,['K-5'],gf1,sensor,Температуры  на  входе  в  Е-5  после  Т-17-12345  (3),2017-07-31
278,TN.01.01.06.T1LP.00.0.LSA411.P,['K-5'],gf1,sensor,Уровень  в  Е-5  (1),2017-07-31
279,TN.01.01.06.T1LP.00.0.LC851.P,['K-5'],gf1,sensor,Уровень  в  Е-5  (2),2017-07-31
280,TN.01.01.06.T1T.00.0.T0154.P,['K-5'],gf1,sensor,Температура  промоборотной  воды  после  конденсатора  Т-17А-1,2017-07-31
281,TN.01.01.06.T1T.00.0.T0155.P,['K-5'],gf1,sensor,Температура  промоборотной  воды  после  конденсатора  Т-17А-2,2017-07-31
282,TN.01.01.06.T1P.00.0.PC849.P,['K-5'],gf1,sensor,Давление  на  линии  паров  изопентана  от  аппарата  Т-17А-1  на  факел,2017-07-31
283,TN.01.01.00.T1T.00.0.T737-11.P,['K-5'],gf1,sensor,Температура  ШФЛУ  после  т/о  Т-19,2017-07-31
284,TN.01.01.00.T1T.00.0.T0175.P,['K-5'],gf1,sensor,Температура  промоборотной  воды  после  Т-18,2017-07-31
285,TN.01.01.00.T1T.00.0.TSA113-1.P,['K-5'],gf1,sensor,Температура  подшипников  насоса  Н-7-1  (линия  потока  флегмы),2017-07-31
286,TN.01.01.00.T1T.00.0.TSA113-2.P,['K-5'],gf1,sensor,Температура  подшипников  насоса  Н-7-2  (линия  потока  флегмы),2017-07-31
287,TN.01.01.00.T1P.00.0.PT0218.P,['K-5'],gf1,sensor,Давление  затворной  жидкости  в  бачке  насоса  Н-7-1  (линия  потока  флегмы),2017-07-31
288,TN.01.01.00.T1T.00.0.TSA0118.P,['K-5'],gf1,sensor,Температура  затворной  жидкости  в  бачке  насоса  Н-7-1  (линия  потока  флегмы),2017-07-31
289,TN.01.01.00.T1T.00.0.TSA986-1.P,['K-5'],gf1,sensor,Температура  корпуса  подшипника  насоса  Н-8-1  (линия  нижнего  продуктового  потока),2017-07-31
290,TN.01.01.06.T1R.00.0.PD-K5.P,['K-5'],gf1,sensor,Перепад  давления  в  колонне,2017-07-31
291,TN.01.01.07.T1T.00.0.TC895.P,['K-6'],gf1,sensor,Температура  питания  на  входе  в  колонну,2017-07-31
292,TN.01.01.07.T1LP.00.0.TC709-5.P,['K-6'],gf1,sensor,Температуа  в  кубе  колонны  (1),2017-07-31
293,TN.01.01.07.T1T.00.0.T709-5.P,['K-6'],gf1,sensor,Температуа  в  кубе  колонны  (2),2017-07-31
294,TN.01.01.07.T1T.00.0.TC858.P,['K-6'],gf1,sensor,Температура  на  тарелке  №8  (контрольная  тарелка),2017-07-31
295,TN.01.01.07.T1T.00.0.T709-4.P,['K-6'],gf1,sensor,Температура  на  тарелке  №24,2017-07-31
296,TN.01.01.07.T1T.00.0.T709-3.P,['K-6'],gf1,sensor,Температура  на  тарелке  №32,2017-07-31
297,TN.01.01.07.T1T.00.0.T1005.P,['K-6'],gf1,sensor,Температура  флегмы  после  Т-23Б,2017-07-31
298,TN.01.01.07.T1T.00.0.T709-7.P,['K-6'],gf1,sensor,Температура  флегмы  до  Т-23Б,2017-07-31
299,TN.01.01.07.T1FQ.00.0.F856.P,['K-6'],gf1,sensor,Расход  потока  питания  колонны  (ЭПФ)  (1),2017-07-31
300,TN.01.01.07.T1FQ.06.D.F856.C,['K-6'],gf1,sensor,Расход  потока  питания  колонны  (ЭПФ)  (2),2017-07-31
301,TN.01.01.07.T1FQ.00.0.FC859.P,['K-6'],gf1,sensor,Расход  флегмы  на  орошение  колонны  (1),2017-07-31
302,TN.01.01.07.T1FQ.06.D.FC859.C,['K-6'],gf1,sensor,Расход  флегмы  на  орошение  колонны  (2),2017-07-31
303,TN.01.01.07.T1FQ.00.0.F528.P,['K-6'],gf1,sensor,Расход  несконденсировавшихся  паров  ЭПФ  в  конденсаторах  Т-23А-12  в  топливную  сеть  предприятия  (1),2017-07-31
304,TN.01.01.07.T1FQ.06.D.F528.C,['K-6'],gf1,sensor,Расход  несконденсировавшихся  паров  ЭПФ  в  конденсаторах  Т-23А-12  в  топливную  сеть  предприятия  (2),2017-07-31
305,TN.01.01.07.T1FQ.00.0.F529-C.P,['K-6'],gf1,sensor,Расход  нижнего  продуктового  потока  (1),2017-07-31
306,TN.01.01.07.T1FQ.06.D.F529-C.C,['K-6'],gf1,sensor,Расход  нижнего  продуктового  потока  (2),2017-07-31
307,TN.01.01.07.T1FQ.09.D.F529-C.C,['K-6'],gf1,sensor,Расход  нижнего  продуктового  потока  (3),2017-07-31
308,TN.01.01.00.T1FQ.00.0.F0271.P,['K-6'],gf1,sensor,Расход  пара  в  испаритель  Т-22/2  для  обогрева  куба  колонны  (1),2017-07-31
309,TN.01.01.00.T1FQ.06.D.F0271.C,['K-6'],gf1,sensor,Расход  пара  в  испаритель  Т-22/2  для  обогрева  куба  колонны  (2),2017-07-31
310,TN.01.01.07.T1FQ.00.0.FC858.P,['K-6'],gf1,sensor,Расход  парового  конденсата  в  испаритель  Т-22/1  для  обогрева  куба  колонны  (1),2017-07-31
311,TN.01.01.07.T1FQ.06.D.FC858.C,['K-6'],gf1,sensor,Расход  парового  конденсата  в  испаритель  Т-22/1  для  обогрева  куба  колонны  (2),2017-07-31
312,TN.01.01.07.T1P.00.0.PC861.P,['K-6'],gf1,sensor,Давление  верха  колонны,2017-07-31
313,TN.01.01.07.T1P.00.0.PA974.P,['K-6'],gf1,sensor,Давление  куба  колонны  (1),2017-07-31
314,TN.01.01.07.T1P.00.0.PSA662.P,['K-6'],gf1,sensor,Давление  куба  колонны  (2),2017-07-31
315,TN.01.01.07.T1MP.00.0.Q936-1.P,['K-6'],gf1,sensor,Содержание  С1С2  в  нижнем  продуктовом  потоке,2017-07-31
316,TN.01.01.07.T1MP.00.0.Q936-2.P,['K-6'],gf1,sensor,Содержание  iC4  в  нижнем  продуктовом  потоке,2017-07-31
317,TN.01.01.07.T1MP.00.0.Q935.P,['K-6'],gf1,sensor,Содержание  С3  в  верхнем  продуктовом  потоке,2017-07-31
318,TN.01.01.07.T1FQ.00.0.F549.P,['K-6'],gf1,sensor,Расход  верхнего  продуктового  потока  (ЭПФ)  на  склад  Б-1/1,2017-07-31
319,TN.01.01.07.T1T.00.0.T709-10.P,['K-6'],gf1,sensor,Температура  верхнего  продуктового  потока  (ЭПФ)  на  склад  Б-1/1  и  топл.  сеть,2017-07-31
320,TN.01.01.07.T1T.00.0.T709-11.P,['K-6'],gf1,sensor,Температура  нижнего  продуктового  потока  (С3)  на  склад,2017-07-31
321,TN.01.01.07.T1P.00.0.PSA662.P,['K-6'],gf1,sensor,Давление  нижнего  продуктового  потока  (С3)  на  склад,2017-07-31
322,TN.01.01.02.T1FQ.00.0.F509-1.P,['K-6'],gf1,sensor,Расход  потока  питания  (ЭПФ)  на  вход  К-6  с  К-1-2,2017-07-31
323,TN.01.01.02.T1FQ.00.0.F509-2.P,['K-6'],gf1,sensor,Расход  потока  питания  (ЭПФ)  на  вход  К-6  с  К-1-1,2017-07-31
324,TN.01.01.07.T1LP.00.0.LA9127.P,['K-6'],gf1,sensor,Ёмкость  в  кубе  К-6  (1),2017-07-31
325,TN.01.01.07.T1LP.00.0.LC857.P,['K-6'],gf1,sensor,Ёмкость  в  кубе  К-6  (2),2017-07-31
326,TN.01.01.00.T1T.00.0.T709-9.P,['K-6'],gf1,sensor,Температура  парового  конденсата  испарителя  Т-22/1  обогрева  куба  колонны,2017-07-31
327,TN.01.01.06.T1LP.00.0.LCA1001.P,['K-6'],gf1,sensor,Уровень  в  испарителе  Т-22/1  обогрева  куба  колонны  (1),2017-07-31
328,TN.01.01.00.T1LP.00.0.L1001-1.P,['K-6'],gf1,sensor,Уровень  в  испарителе  Т-22/1  обогрева  куба  колонны  (2),2017-07-31
329,TN.01.01.00.T1P.00.0.PC0215.P,['K-6'],gf1,sensor,Давление  пара  в  испаритель  Т-22/1  для  обогрева  куба  колонны,2017-07-31
330,TN.01.01.00.T1MP.00.0.Q925-1.P,['K-6'],gf1,sensor,Состав  питания  К-6  -  линия  стравливания  в  топливную  сеть  (1),2017-07-31
331,TN.01.01.00.T1MP.00.0.Q925-2.P,['K-6'],gf1,sensor,Состав  питания  К-6  -  линия  стравливания  в  топливную  сеть  (2),2017-07-31
332,TN.01.01.07.T1T.00.0.T709-1.P,['K-6'],gf1,sensor,Температура  питания  К-6  (выход  с  Е-7  до  Т-31),2017-07-31
333,TN.01.01.07.T1T.00.0.T709-2.P,['K-6'],gf1,sensor,Температура  пароконденсата  из  Т-31  (нагрев  питания  К-6),2017-07-31
334,TN.01.01.07.T1FQ.00.0.F544.P,['K-6'],gf1,sensor,Расход  пароконденсата  на  Т-31  (нагрев  питания  К-6),2017-07-31
335,TN.01.01.07.T1LP.00.0.LC856.P,['K-6'],gf1,sensor,Уровень  в  Е-7  (1),2017-07-31
336,TN.01.01.00.T1LP.00.0.LSA413.P,['K-6'],gf1,sensor,Уровень  в  Е-7  (2),2017-07-31
337,TN.01.01.07.T1P.00.0.PC855.P,['K-6'],gf1,sensor,Давление  на  всасе  (линия  стравливания  в  топливную  сеть),2017-07-31
338,TN.01.01.07.T1FQ.00.0.F545.P,['K-6'],gf1,sensor,Расход  стравливания  в  топливную  сеть,2017-07-31
339,TN.01.01.00.T1T.00.0.T0156.P,['K-6'],gf1,sensor,Температура  промоборотной  воды  в  Т-20А  (конденсирование  ЭПФ  в  Е-7),2017-07-31
340,TN.01.01.00.T1T.00.0.TSA116-2.P,['K-6'],gf1,sensor,Температура  подшипников  насоса  Н-9-2  (линия  верхнего  продуктового  потока  из  Е-7),2017-07-31
341,TN.01.01.00.T1T.00.0.TSA0119.P,['K-6'],gf1,sensor,Температура  затворной  жидкости  в  бачке  насоса  Н-9-2  (линия  верхнего  продуктового  потока  из  Е-7),2017-07-31
342,TN.01.01.00.T1P.00.0.PT0219.P,['K-6'],gf1,sensor,Давление  затворной  жидкости  в  бачке  насоса  Н-9-2    (линия  верхнего  продуктового  потока  из  Е-7),2017-07-31
343,TN.01.01.00.T1T.00.0.TE116-3A.P,['K-6'],gf1,sensor,Температура  подшипников  насоса  Н-9-3    (линия  верхнего  продуктового  потока  из  Е-7),2017-07-31
344,TN.01.01.00.T1T.00.0.TSA116-3B.P,['K-6'],gf1,sensor,Температура  подшипников  насоса  Н-9-3    (линия  верхнего  продуктового  потока  из  Е-7),2017-07-31
345,TN.01.01.00.T1T.00.0.TE0199.P,['K-6'],gf1,sensor,Температура  затворной  жидкости  в  бачке  насоса  Н-9-3  (линия  верхнего  продуктового  потока  из  Е-7),2017-07-31
346,TN.01.01.00.T1P.00.0.PSA0214.P,['K-6'],gf1,sensor,Давление  затворной  жидкости  в  бачке  насоса  Н-9-3  (линия  верхнего  продуктового  потока  из  Е-7),2017-07-31
347,TN.01.01.00.T1LP.00.0.LSA0304.P,['K-6'],gf1,sensor,Уровень  затворной  жидкости  в  бачке  насоса  Н-9-3  (линия  верхнего  продуктового  потока  из  Е-7),2017-07-31
348,TN.01.01.00.T1T.00.0.TE0196-3.P,['K-6'],gf1,sensor,Температура  корпуса  переднего  подшипника  э/двиг.  насоса  Н-9-3  (линия  верхнего  продуктового  потока  из  Е-7),2017-07-31
349,TN.01.01.00.T1T.00.0.TE0197-3.P,['K-6'],gf1,sensor,Температура  корпуса  заднего  подшипника  э/двиг.  насоса  Н-9-3    (линия  верхнего  продуктового  потока  из  Е-7),2017-07-31
350,TN.01.01.00.T1T.00.0.T0159.P,['K-6'],gf1,sensor,Температура  сконденсировавшейся  части  ЭПФ  из  межтрубного  пространства  теплообменника  Т-20Б  ,2017-07-31
351,TN.01.01.00.T1T.00.0.T0160.P,['K-6'],gf1,sensor,Температура  ЭПФ  после  теплообменника    Т-20Б  ,2017-07-31
352,TN.01.01.07.T1T.00.0.T709-12.P,['K-6'],gf1,sensor,Температура  паров  ЭПФ  с  верха  К-6  после  конденсатора  Т-23  (на  входе  в  Е-6А),2017-07-31
353,TN.01.01.07.T1T.00.0.T0158.P,['K-6'],gf1,sensor,Температура  промоборотной  воды  после  концевых  конденсаторов  Т-23А-2  ,2017-07-31
354,TN.01.01.07.T1T.00.0.T0157.P,['K-6'],gf1,sensor,Температура  промоборотной  воды  после  концевых  конденсаторов  Т-23А-1  ,2017-07-31
355,TN.01.01.07.T1LP.00.0.L510.P,['K-6'],gf1,sensor,Уровень  в  Е-6А  (1),2017-07-31
356,TN.01.01.00.T1LP.00.0.LA932.P,['K-6'],gf1,sensor,Уровень  в  Е-6А  (2),2017-07-31
357,TN.01.01.07.T1LP.00.0.LC860.P,['K-6'],gf1,sensor,Уровень  в  Е-6  (1),2017-07-31
358,TN.01.01.00.T1LP.00.0.LSA9142.P,['K-6'],gf1,sensor,Уровень  в  Е-6  (2),2017-07-31
359,TN.01.01.00.T1T.00.0.T0161.P,['K-6'],gf1,sensor,Температура  сконденсировавшейся  части  ЭПФ  из  межтрубного  пространства  конденсатора  Т-23Б  в  Е-6,2017-07-31
360,TN.01.01.01.T1T.00.0.T862-1.P,['K-6'],gf1,sensor,Температура  на  линии  пропана  от  теплообменника  Т-24-2,2017-07-31
361,TN.01.01.01.T1T.00.0.T862-2.P,['K-6'],gf1,sensor,Температура  на  линии  пропана  от  теплообменника  Т-24-3,2017-07-31
362,TN.01.01.07.T1R.00.0.PD-K6.P,['K-6'],gf1,sensor,Перепад  давления  в  колонне,2017-07-31
